{"cameraMode":{"drawMode":0,"name":"Shaded","section":"Shading Mode"},"sceneLighting":true,"audioPlay":false,"sceneViewState":{"showFog":true,"showMaterialUpdate":false,"showSkybox":true,"showFlares":true,"showImageEffects":true,"showParticleSystems":true},"in2DMode":false,"pivot":{"x":-1.790367841720581,"y":0.06191916763782501,"z":5.175953388214111},"rotation":{"x":0.20142284035682679,"y":-0.0000046354007281479429,"z":0.0000011522994327606285,"w":0.9795071482658386},"size":10.0,"orthographic":false}